{
    "processes": [
        {
            "id": "20250001",
            "ref": "IMJ-0132/25",
            "invoice": "7226206",
            "origin": "CHINA",
            "type": "importacao",
            "container_type": "40",
            "eta": "16/06/2025",
            "status": "Em andamento",
            "observations": "",
            "exporter": "Snf-China",
            "ship": "HYUNDAI PLATINUM",
            "agent": "ONE",
            "bl_number": "ONEYSH5EZ0204600",
            "container": "TLLUI7004112",
            "terminal": "",
            "invoice_number": "",
            "di": "",
            "free_time": "7",
            "free_time_expiry": "23/06/2025",
            "po": "2025/078",
            "product": "FLONEX 9004 SI",
            "map": "",
            "port_entry_date": "",
            "current_period_start": "",
            "current_period_expiry": "",
            "storage_days": "0",
            "original_docs": "Sim",
            "empty_return": "",
            "last_update": "09/05/2025",
            "events": [
                {
                    "date": "09/05/2025",
                    "description": "Processo criado...",
                    "user": "Admin",
                    "id": "55ba288c-8342-4b24-b221-68e7d92b232c"
                },
                {
                    "date": "09/05/2025",
                    "description": "Processo atribu\u00eddo ao cliente Cliente Demonstra\u00e7\u00e3o",
                    "user": "Admin",
                    "id": "9391e394-993a-46c6-9d90-d572a7f647bf"
                }
            ]
        }
    ],
    "config": {
        "storage_days_per_period": 15
    }
}